ingredients,PEH group
"Aqua, Cetearyl Alcohol, Behentrimonium Chloride, Prunus Amygdalus Dulcis Oil,Hydrolyzed Albumen, Glycerin, Panthenol, Biotin, Linoleic Acid, Linolenic Acid, Tocopheryl Acetate, Retinyl Palmitate, Cetrimonium Chloride, Bioflavonoids, Pyridoxine HCl, Propylene Glycol, Polysorbate 20, Parfum, Hexyl Cinnamal, Citric Acid",PEH
"Aqua, Cetearyl Alcohol, Behentrimonium Chloride, Cocos Nucifera Oil, Oryza Sativa Seed Protein, Phytic Acid, Oryza Sativa Extract, Glycerin, Biotin, Panthenol,  Linoleic Acid, Linolenic Acid, Tocopheryl Acetate, Retinyl Palmitate, Bioflavonoids, Gluconolactone, Calcium Gluconate, Pyridoxine HCL, Propylene Glycol, Polysorbate 20, Cetrimonium Chloride, Citric Acid, Parfum, Linalool, Limonene",PEH
"Aqua, Glycerin, Cetearyl Alcohol, Isopropyl Palmitate, Behentrimonium Chloride, Panthenol, Helianthus Annuus Hybrid Oil, Ricinus Communis Seed Oil, Argania Spinosa Kernel Oil, Parfum, Isopropyl Alcohol, Hydrolyzed Keratin, Sodium Benzoate, Potassium Sorbate, Citric Acid",PEH
"Aqua, Decyl Glucoside, Glycerin, Babassu Oil Polyglyceryl-4 Esters, Panthenol, Cetearyl Alcohol, Hydrogenated Sunflower Seed Oil Polyglyceryl-3 Esters, Avena Sativa Kernel Oil, Butyrospermum Parkii Butter, Arginine PCA, Hydrolyzed Oat Protein, Inulin, Glucose, Fructose, Hydrogenated Sunflower Seed Oil Glyceryl Esters, Lactic Acid, Coco-Glucoside, Glyceryl Oleate, Sodium Stearoyl Lactylate, Tocopheryl Acetate, Sodium Levulinate, Cellulose Gum, Trisodium Ethylenediamine Disuccinate, Potassium Sorbate, Citric Acid, Xanthan Gum, Cellulose, Tocopherol, Hydrogenated Vegetable Glycerides Citrate, Parfum, Citronellol, Geraniol",PEH
"Aqua, Decyl Glucoside, Glycerin, Cetearyl Alcohol, Babassu Oil Polyglyceryl-4 Esters, Panthenol, Hydrogenated Sunflower Seed Oil Polyglyceryl-3 Esters, Nigella Sativa Seed Oil, Potassium Azeloyl Diglycinate, Artemisia Absinthium Extract, Arginine, Niacinamide, Threonine, Biotin, Ammonium Glycyrrhizate, Inulin, Calcium Pantothenate, Faex Extract, Mannitol, Cellulose, Glucose, Fructose, Allantoin, Sodium Levulinate, Hydrogenated Sunflower Seed Oil Glyceryl Esters, Lactic Acid, Coco-Glucoside, Glyceryl Oleate, Sodium Stearoyl Lactylate, Tocopheryl Acetate, Cellulose Gum, Trisodium Ethylenediamine Disuccinate, Potassium Sorbate, Citric Acid, Xanthan Gum, Sodium Metabisulfite, Tocopherol, Hydrogenated Palm Glycerides Citrate, Butylene Glycol, Parfum, Linalool, Butylphenyl Methylpropional, Limonene",EH
"Aqua, Cetearyl Alcohol, Behentrimonium Chloride, Propylene Glycol, Quaternium-87, Distearoylethyl Hydroxyethylmonium Methosulfate, Stearamidopropyl Dimethylamine, Isopropyl Alcohol, Sclerocarya Birrea Seed Oil, Panthenol, Hydroxyethylcellulose, Sodium Hydroxide, Citric Acid, Parfum, Benzyl Alcohol, Hexyl Cinnamal, Phenoxyethanol, Benzoic Acid, Dehydroacetic Acid",E
"Aqua, Glycerin, Cetearyl Alcohol, Propanediol, Butyrospermum Parkii Butter, Fragrance, Stearyl Alcohol, Cetyl Alcohol, Polyquaternium-10, Phenoxyethanol, Behentrimonium Methosulfate, Polysorbate 60, Glycine Soja Oil, Polyquaternium-11, Olea Europaea Fruit Oil, Ethylhexylglycerin, Canola Oil, Arachidyl Alcohol, Silk Amino Acids, Lactobacillus Ferment, Aloe Barbadensis Leaf Juice, Hydrolyzed Silk, Lonicera Caprifolium Flower Extract, Macrocystis Pyrifera Extract, Salvia Officinalis Leaf Extract, Urtica Dioica Extract, Vitis Vinifera Seed Extract, Argania Spinosa Kernel Oil, Cocos Nucifera Oil, Daucus Carota Sativa Seed Oil, Macadamia Ternifolia Seed Oil, Mangifera Indica Oil, Mangifera Indica Seed Butter, Melia Azadirachta Seed Oil, Persea Gratissima Oil, Prunus Amygdalus Dulcis Oil, Simmondsia Chinensis Seed Oil, Vitis Vinifera Seed Oil, Benzyl Benzoate, Benzyl Salicylate, Coumarin, Hexyl Cinnamal",EH
"Aqua, Cetearyl Alcohol, Macadamia Ternifolia Seed Oil, Behentrimonium Chloride, Ethyl Macadamiate, Prunus Domestica Seed Oil, Hydrogenated Castor Oil/Sebacic Acid Copolymer, Hydroxypropyltrimonium Hydrolyzed Corn Starch, Starch Hydroxypropyltrimonium Chloride, Hydroxypropylgluconamide, Hydrolyzed Corn Starch Gluconate, Cetrimonium Chloride, Spirulina Platensis Extract, Furcellaria Lumbricalis Extract, Glycerin, Tocopherol, Malic Acid, Phenoxyethanol, Benzoic Acid, Dehydroacetic Acid, Parfum, Citral, Geraniol, Hexyl Cinnamal, Limonene, Linalool",PEH
"Aqua, Cetearyl Alcohol, Behentrimonium Chloride, Vitis Vinifera Seed Oil, Acetum, Prunus Armeniaca Fruit Extract, Prunus Persica Fruit Extract, Pyrus Malus Fruit Extract, Panthenol, Olus Oil, Tocopherol, Linoleic Acid, Linolenic Acid, Tocopheryl Acetate, Retinyl Palmitate, Bioflavonoids, Biotin, Pyridoxine HCL, Cetrimonium Chloride, Propylene Glycol, Polysorbate 20, Polysorbate 80, Parfum, Linalool, Citric Acid",EH
"Aqua, Myristyl alcohol, Behenamidopropyl dimethylamine, Caprylic / capric triglyceride, Phyllanthus emblica fruit extract, Ziziphus spine-christi leaf extract, Cannabis sativa seed oil, Prunus amygdalus dulcis oil, Ricinus communis seed oil, Simmondsia chinensis seed oil, Cetyl alcohol, Lactic acid, Citric acid, Sodium benzoate, Sodium dehydroacetate, Benzyl alcohol, Parfum",E
"Aqua, Cetearyl Alcohol, Cetrimonium Chloride, Cetyl Esters, Behentrimonium Chloride, Isopropyl Myristate, Panthenol, Argania Spinosa Kernel Oil, Camellia Japonica Seed Oil, Sodium Benzoate, Parfum, Linalool, Citric Acid",EH
"Water, Cetearyl Alcohol, Cocos Nucifera Oil, Glycerin, Butyrospermum Parkii Butter, Stearyl Alcohol, Cetyl Alcohol, Isopropyl Alcohol, Behentrimonium Methosulfate, Fragrance, Behentrimonium Chloride, Panthenol, Hydrolyzed Vegetable Protein PG‐Propyl Silanetriol, Cetrimonium Chloride, Persea Gratissima Oil, Mangifera lndica Seed Butter, Olea Europaea (Olive) Fruit Oil, Mentha Piperita 	Leaf Extract, Ricinus Communis Seed Oil, Mauritia Flexuosa Fruit Oil, Yeast Extract, Hydrolyzed Keratin, Macadamia Ternifolia Seed Oil, Tocopherol, Hydrogenated Vegetable Oil, Niacin, Aloe Barbadensis Leaf Juice, Vinegar, Caprylhydroxamic Acid, Caprylyl Glycol, Trifolium Pratense Flower Extract, Caramel",E
"Aqua, Cetearyl Alcohol, Butyrospermum Parkii, Cucurbita Pepo Seed Oil, Behentrimonium Chloride, Brassica Oleracea Italica Seed Oil, Papaver Somniferum Seed Oil, Carthamus Tinctorius Seed Oil, Raphanus Sativus Seed Oil, Cetrimonium Chloride, Starch Hydroxypropyltrimonium Chloride, Phenoxyethanol, Benzoic Acid, Dehydroacetic Acid, Parfum, Citronallol, Geraniol, Linalool",E
"Aqua, Cetearyl Alcohol, Dipalmitoylethyl Hydroxyethylmonium Methosulfate, Quaternium-80, Glyceryl Stearate, Vaccinium Macrocarpon Seed Oil, Hydroxycitronellal, Argania Spinosa Oil/argania Spinosa Karnel Oil, Limonene, Benzyl Salicylate, Linalool, Propylene Glycol, Cetrimonium Chloride, Citric Acid, Butylphenyl Methylpropional Citronellol Hexyl Cinnamal, Glycerin, Parfum/Fragrance",E
"Aqua, Cetearyl Alcohol, Glyceryl Stearate, Propylene Glycol, Stearamidopropyl Dimethylamine, Panthenol, Niacinamide, Behentrimonium Chloride, Punica Granatum Fruit Extract, Paullinia Cupana Extract, Dipropylene Glycol, Benzophenone-4, Parfum, Hexyl Cinnamal, Linalool, Phenoxyethanol, Citric Acid, Sodium Hydroxide",EH
"Aqua Water Eau, Cetearyl Alcohol, Behentrimonium Chloride, Rosa Damascena Bud Extract, Butyrospermum Parkii Butter, Helianthus Annuus Hybrid Oil, Dipropylene Glycol, Hydroxyethylcellulose, Hydroxypropyl Guar Hydroxypropyltrimonium Chloride, Ethylhexylglycerin, Phenoxyethanol, Benzoic Acid, Dehydroacetic Acid, Parfum Fragrance, Geraniol, Linalool, Citronellol",EH
"Aqua, Cetearyl Alcohol, Behentrimonium Chloride, PPG-3 Benzyl Ether Myristate, Hydrolyzed Milk Protein, Hydrolyzed Oats, Hydrolyzed Keratin, Cetrimonium Chloride, Starch Hydroxypropyltrimonium Chloride, Phenoxyethanol, Benzoic Acid, Dehydroacetic Acid, Parfum",P
"Aqua, Cetearyl Alcohol, Isodecyl Oleate, Diethylhexyl Succinate, Cetyl Alcohol, Moringa Oil/Hydrogenated Moringa Oil Esters, Dicaprylyl Carbonate, Laurdimonium Hydroxypropyl Wheat Protein, Cetyl Palmitate, Behentrimonium Methosulfate, Pentaclethra Macroloba Seed Oil, Behenyl/Stearyl Aminopropanediol Esters, Tocopheryl Acetate, Raphanus Sativus (Radish) Seed Extract, Magnolia Officinalis Bark Extract, Rosmarinus Officinalis (Rosemary) Leaf Extract, Octyldodecyl Oleate, Octyldodecanol, Guar Hydroxypropyltrimonium Chloride, Oryza Sativa (Rice) Starch, Sodium Levulinate, Potassium Sorbate, Trisodium Ethylenediamine Disuccinate, Parfum",E
"Aqua, Cetearyl Alcohol, Behentrimonium Chloride, PPG-3 Benzyl Ether Myristate, Hydrolyzed Milk Protein, Hydrolyzed Oats, Hydrolyzed Keratin, Cetrimonium Chloride, Starch Hydroxypropyltrimonium Chloride, Phenoxyethanol, Benzoic Acid, Dehydroacetic Acid, Parfum",P
"Aqua, Cetearyl Alcohol, Behentrimonium Chloride, PPG-3 Benzyl Ether Myristate, Hydrolyzed Pea Protein, Hydrolyzed Vegetable Protein PG-Propyl Silanetriol, Hydroxypropyltrimonium Hydrolyzed Wheat Protein, Camellia Chinensis Extract, Cetrimonium Chloride, Starch Hydroxypropyltrimonium Chloride, Phenoxyethanol, Benzoic Acid, Dehydroacetic Acid, Parfum, Limonene",P
"Aqua, Cetearyl Alcohol, Behentrimonium Chloride, PPG-3 Benzyl Ether Myristate, Hydrolyzed Milk Protein, Hydrolyzed Oats, Hydrolyzed Keratin, Cetrimonium Chloride, Starch Hydroxypropyltrimonium Chloride, Phenoxyethanol, Benzoic Acid, Dehydroacetic Acid, Parfum",P
"Aqua, Cetearyl Alcohol, Behentrimonium Chloride, PPG-3 Benzyl Ether Myristate, Hydrolyzed Milk Protein (hydrolizowane proteiny mleczne), Hydrolyzed Oats, Hydrolyzed Keratin, Cetrimonium Chloride, Starch Hydroxypropyltrimonium Chloride, Phenoxyethanol, Benzoic Acid, Dehydroacetic Acid, Parfum",P
"Aqua, Cetearyl Alcohol, Isodecyl Oleate, Panthenol, Propanediol, Dicaprylyl Carbonate, Diethylhexyl Succinate, Cetyl Alcohol, Cetyl Palmitate, Behentrimonium Methosulfate, Xylitylglucoside, Behenyl/Stearyl Aminopropanediol Esters, Pelvetia Canaliculata Extract, Salicornia Herbacea Extract, Hydroxypropyltrimonium Honey, Sodium Hyaluronate, Tocopheryl Acetate, Calcium Lactate, Xylitol, Anhydroxylitol, Glucose, Arginine PCA, Caprylic/Capric Triglyceride, Oryza Sativa Starch, Guar Hydroxypropyltrimonium Chloride, Sorbic Acid, Sodium Citrate, Benzyl Alcohol, Dehydroacetic Acid, Sodium Levulinate, Potassium Sorbate, Trisodium Ethylenediamine Disuccinate, Parfum, Linalool, Citronellol",H
"Aqua, Cetearyl Alcohol, Cetyl Palmitate, Coco Caprylate/Caprate, Squalane, Caprylic/Capric Triglyceride, Isodecyl Oleate, Dicaprylyl Carbonate, Cetyl Alcohol, Behentrimonium Methosulfate, Wasabia Japonica Root Extract, Menthyl Nicotinate, Menthol, Lactobionic Acid, Rice Oil Glycereth-8 Esters, Hydrolyzed Jojoba Esters, Jojoba Esters, Pistacia Lentiscus (Mastic) Gum, Propanediol, Tocopheryl Acetate, Guar Hydroxypropyltrimonium Chloride, Trisodium Ethylenediamine Disuccinate, Citric Acid, Sodium Levulinate, Potassium Sorbate, Parfum",EH
"Aloe Barbadensis Leaf Extract, Cetearyl Alcohol, Acetamide MEA, Behenamidopropyl Dimethylamine Lactate, Glutamic Acid, Aspartic Acid, Polyquaternium-47, Polyquaternium-22, Corylus Avellana Leaf Extract, Benzyl Alcohol, Chlorphenesin, Glycerin, Cetrimonium Chloride, Stearamidopropyl Dimethylamine, Hydroxyethyl Urea, Cetearyl Alcohol, Behentrimonium Methosulfate, Shea Butter Ethyl Esters, PEG-90M, Caprylic/Capric Triglyceride, Phenoxyethanol Caprylyl Glycol, Decylene Glycol, Parfum, Pentaclethra Macroloba Seed Oil, Lactic Acid, Panax Ginseng Extract, Tetrasodium EDTA, Benzophenone-4",EH
"Aloe Barbadensis Leaf Extract, Cetearyl Alcohol, Stearamidopropyl Dimethylamine, Cetyl Alcohol, Shea Butter Ethyl Esters, Hydroxyethyl Urea, Parfum, Phenoxyethanol, Caprylyl Glycol, Decylene Glycol, Caprylic/Capric Triglyceride, Acetamide MEA, Behenamidopropyl Dimethylamine Lactate, Glutamic Acid, Aspartic Acid, Polyquaternium-47, Polyquaternium-22, Corylus Avellana Leaf Extract, Benzyl Alcohol, Chlorphenesin, Glycerin, Penthaclethra Macroloba Seed Oil, Panax Ginseng Extract, Tetrasodium EDTA, Lactic Acid, Benzophenone-4",EH
"Aqua, Cetearyl Alcohol, Triticum Vulgare Germ Oil, Behentrimonium Chloride, Honey, Glycerin, Lanolin, Theobroma Cacao Seed Butter, Panthenol, Silicone Quaternium-22, Polyglyceryl-3 Caprate, Dipropylene Glycol, Cocamidopropyl Betaine, Phenoxyethanol, Benzoic Acid, Dehydroacetic Acid, Parfum, Benzyl Alcohol, Benzyl Benzoate",EH
"Aqua, Cetearyl Alcohol, Behentrimonium Methosulfate, Tapioca Starch, Trehalose, Inulin, Linum Usitatissimum Seed Extract, Xanthan Gum, Althea Officinalis Root Extract, Prunus Amygdalus Dulcis Fruit Extract, Cassia Angustifolia Seed Polysaccharide, Hydroxyethylcellulose, Acacia Senegal Gum Extract, Furcellaria Lumbricalis Extract, Octyldodecanol, Hydrogenated Coco-Glycerides, Helianthus Annuus Seed Extract, Tocopheryl Acetate, Hydroxypropyltrimonium Honey, Hydroxypropyltrimonium Hydrolyzed Corn Starch, Glycerin, Lactic Acid, Sodium Benzoate, Potassium Sorbate, Sorbic Acid, Phenoxyethanol, Benzoic Acid, Dehydroacetic Acid, Parfum",H
"Aqua, Cetearyl Alcohol, Behentrimonium Chloride, Starch Hydroxypropyltrimonium Chloride, Solanum Tuberosum Starch, Allium Cepa Extract, Saccharide Isomerate, Hydroxypropyltrimonium Hyaluronate, Aloe Barbadensis Leaf Juice Powder, Cetrimonium Chloride, Glycerin, Urea, Polysorbate 80, Hydroxypropyl Guar, Citric Acid, Sodium Citrate, Phenoxyethanol, Benzoic Acid, Dehydroacetic Acid, Caprylyl Glycol, Parfum, Amyl Cinnamal, Cinnamyl Alcohol, Hydroxycitronellal",H
"Aqua, Cetearyl Alcohol, Behentrimonium Chloride, Starch Hydroxypropyltrimonium Chloride, Solanum Tuberosum Starch, Allium Cepa Extract, Saccharide Isomerate, Hydroxypropyltrimonium Hyaluronate, Aloe Barbadensis Leaf Juice Powder, Cetrimonium Chloride, Glycerin, Urea, Polysorbate 80, Hydroxypropyl Guar, Citric Acid, Sodium Citrate, Phenoxyethanol, Benzoic Acid, Dehydroacetic Acid, Caprylyl Glycol, Parfum, Amyl Cinnamal, Cinnamyl Alcohol, Hydroxycitronellal",H
"Aqua, Cetearyl Alcohol, Behentrimonium Chloride, Starch Hydroxypropyltrimonium Chloride, Solanum Tuberosum Starch, Allium Cepa Extract, Saccharide Isomerate, Hydroxypropyltrimonium Hyaluronate, Aloe Barbadensis Leaf Juice Powder, Cetrimonium Chloride, Glycerin, Urea, Polysorbate 80, Hydroxypropyl Guar, Citric Acid, Sodium Citrate, Phenoxyethanol, Benzoic Acid, Dehydroacetic Acid, Caprylyl Glycol, Parfum, Amyl Cinnamal, Cinnamyl Alcohol, Hydroxycitronellal",H
"Aqua, Cetearyl Alcohol, Orbignya Oleifera Seed Oil, Shea Butter Ethyl Esters, Coco-Caprylate, Behentrimonium Methosulfate, Brassica Oleracea Italica Seed Oil, Inulin, Hydrolyzed Vegetable Protein, Starch Hydroxypropyltrimonium Chloride, Cetrimonium Chloride, Urea, Sodium Lactate, Lactic Acid, Sodium Benzoate, Potassium Sorbate, Benzoic Acid, Citric Acid, Phenoxyethanol, Ethylhexylglycerin, Parfum, Benzyl Alcohol, Limonene",PEH
"Aqua, Cetearyl Alcohol, Isodecyl Oleate, Diethylhexyl Succinate, Cetyl Alcohol, Moringa Oil/Hydrogenated Moringa Oil Esters, Dicaprylyl Carbonate, Laurdimonium Hydroxypropyl Wheat Protein, Cetyl Palmitate, Behentrimonium Methosulfate, Pentaclethra Macroloba Seed Oil, Behenyl/Stearyl Aminopropanediol Esters, Tocopheryl Acetate, Raphanus Sativus (Radish) Seed Extract, Magnolia Officinalis Bark Extract, Rosmarinus Officinalis (Rosemary) Leaf Extract, Octyldodecyl Oleate, Octyldodecanol, Guar Hydroxypropyltrimonium Chloride, Oryza Sativa (Rice) Starch, Sodium Levulinate, Potassium Sorbate, Trisodium Ethylenediamine Disuccinate, Parfum",E
"Aqua, Cetearyl alcohol, Behenamidopropyl dimethylamine, Glycerin, Butyrospermum Parkii butter, Lactic acid, Helianthus annuus seed oil, Linum usitatissimum seed extract, Parfum, Dicaprylyl ether, Lauryl alcohol, Panthenol, Benzyl alcohol, Hydrolyzed Rice protein, Dehydroacetic acid, Linalool",EH
"Aqua, Cetearyl Alcohol, Vitis Vinifera (Grape) Seed Oil, Behentrimonium Chloride, Glycerin, Hydrolyzed Keratin, Hydrolyzed Silk, Aloe Barbadensis Leaf Juice Powder, Panthenol, Phenoxyethanol, Benzoic Acid, Dehydroacetic Acid, Parfum",PEH
"Aqua, Cetearyl Alcohol, Orbignya Oleifera Seed Oil, Behentrimonium Chloride, Astrocaryum Murumuru Seed Butter, Hydroxypropyltrimonium Hydrolyzed Wheat Protein, Starch Hydroxypropyltrimonium Chloride, Hydroxypropyltrimonium Honey, Phenoxyethanol, Benzoic Acid, Dehydroacetic Acid, Sorbic Acid, Benzyl Alcohol, Parfum",PEH
"Aqua, Cetearyl Alcohol, Behentrimonium Chloride, PPG-3 Benzyl Ether Myristate, Hydrolyzed Milk Protein, Hydrolyzed Oats, Hydrolyzed Keratin, Cetrimonium Chloride, Starch Hydroxypropyltrimonium Chloride, Phenoxyethanol, Benzoic Acid, Dehydroacetic Acid, Parfum",P
"Aqua, Cetearyl Alcohol, Behentrimonium Chloride, PPG-3 Benzyl Ether Myristate, Hydrolyzed Pea Protein, Hydrolyzed Vegetable Protein PG-Propyl Silanetriol, Hydroxypropyltrimonium Hydrolyzed Wheat Protein, Camellia Chinensis Extract, Cetrimonium Chloride, Starch Hydroxypropyltrimonium Chloride, Phenoxyethanol, Benzoic Acid, Dehydroacetic Acid, Parfum, Limonene",P
"Aqua, Cetearyl Alcohol, Orbignya Oleifera Seed Oil, Shea Butter Ethyl Esters, Coco-Caprylate, Behentrimonium Methosulfate, Brassica Oleracea Italica Seed Oil, Inulin, Hydrolyzed Vegetable Protein, Starch Hydroxypropyltrimonium Chloride, Cetrimonium Chloride, Urea, Sodium Lactate, Lactic Acid, Sodium Benzoate, Potassium Sorbate, Benzoic Acid, Citric Acid, Phenoxyethanol, Ethylhexylglycerin, Parfum, Benzyl Alcohol, Limonene",PEH
"Aqua, Cetearyl Alcohol, Behentrimonium Chloride, PPG-3 Benzyl Ether Myristate, Hydrolyzed Milk Protein, Hydrolyzed Oats, Hydrolyzed Keratin, Cetrimonium Chloride, Starch Hydroxypropyltrimonium Chloride, Phenoxyethanol, Benzoic Acid, Dehydroacetic Acid, Parfum",P
"Aqua, Cetearyl Alcohol, Behentrimonium Chloride, PPG-3 Benzyl Ether Myristate, Hydrolyzed Milk Protein, Hydrolyzed Oats, Hydrolyzed Keratin, Cetrimonium Chloride, Starch Hydroxypropyltrimonium Chloride, Phenoxyethanol, Benzoic Acid, Dehydroacetic Acid, Parfum",P
"Aqua, Cetearyl Alcohol, Behentrimonium Chloride, PPG-3 Benzyl Ether Myristate, Hydrolyzed Pea Protein, Keratin, Hydrolyzed Keratin, Collagen, Hydrolyzed Elastin, Cetrimonium Chloride, Starch Hydroxypropyltrimonium Chloride, Phenoxyethanol, Benzoic Acid, Dehydroacetic Acid, Parfum, Benzyl Salicylate, Coumarin, Limonene, Geraniol, Linalool, Hexyl Cinnamal",P
"Aqua, Cetearyl Alcohol, Behentrimonium Chloride, PPG-3 Benzyl Ether Myristate, Hydrolyzed Pea Protein, Hydrolyzed Vegetable Protein PG-Propyl Silanetriol, Hydroxypropyltrimonium Hydrolyzed Wheat Protein, Camellia Chinensis Extract, Cetrimonium Chloride, Starch Hydroxypropyltrimonium Chloride, Phenoxyethanol, Benzoic Acid, Dehydroacetic Acid, Parfum, Limonene",P
"Aqua, Cetearyl Alcohol, Behentrimonium Chloride, PPG-3 Benzyl Ether Myristate, Hydrolyzed Pea Protein, Hydrolyzed Vegetable Protein PG-Propyl Silanetriol, Hydroxypropyltrimonium Hydrolyzed Wheat Protein, Camellia Chinensis Extract, Cetrimonium Chloride, Starch Hydroxypropyltrimonium Chloride, Phenoxyethanol, Benzoic Acid, Dehydroacetic Acid, Parfum, Limonene",P
"Aqua, Polysorbate 20, Hydroxyethylcellulose, Xanthan Gum, Linum Usitatissimum Seed Extract, Althea Officinalis Root Extract, Prunus Amygdalus Dulcis Fruit Extract, Hydrolyzed Linseed Seed, Hydroxypropyltrimonium Hydrolyzed Wheat Protein, Laurdimonium Hydroxypropyl Hydrolyzed Keratin, Hydroxypropyltrimonium Hydrolyzed Corn Starch, Furcellaria Lumbricalis Extract, Wheat Amino Acids, Inulin, Phenoxyethanol, Benzoic Acid, Dehydroacetic Acid, Parfum, Potassium Sorbate, Sodium Benzoate, Butylene Glycol, Methylparaben, Propylparaben, Phenethyl Alcohol, Benzyl Alcohol, Citronellol",P
"Aqua, Cetearyl Alcohol, Macadamia Ternifolia Seed Oil, Behentrimonium Chloride, Ethyl Macadamiate, Prunus Domestica Seed Oil, Hydrogenated Castor Oil/Sebacic Acid Copolymer, Hydroxypropyltrimonium Hydrolyzed Corn Starch, Starch Hydroxypropyltrimonium Chloride, Hydroxypropylgluconamide, Hydrolyzed Corn Starch Gluconate, Cetrimonium Chloride, Spirulina Platensis Extract, Furcellaria Lumbricalis Extract, Glycerin, Tocopherol, Malic Acid, Phenoxyethanol, Benzoic Acid, Dehydroacetic Acid, Parfum, Citral, Geraniol, Hexyl Cinnamal, Limonene, Linalool",PEH
"Aqua, Cetearyl Alcohol, Macadamia Ternifolia Seed Oil, Behentrimonium Chloride, Ethyl Macadamiate, Prunus Domestica Seed Oil, Hydrogenated Castor Oil/Sebacic Acid Copolymer, Hydroxypropyltrimonium Hydrolyzed Corn Starch, Starch Hydroxypropyltrimonium Chloride, Hydroxypropylgluconamide, Hydrolyzed Corn Starch Gluconate, Cetrimonium Chloride, Spirulina Platensis Extract, Furcellaria Lumbricalis Extract, Glycerin, Tocopherol, Malic Acid, Phenoxyethanol, Benzoic Acid, Dehydroacetic Acid, Parfum, Citral, Geraniol, Hexyl Cinnamal, Limonene, Linalool",PEH
"Aqua, Cetearyl Alcohol, Papaver Somniferum Seed Oil, Behentrimonium Chloride, Triticum Vulgate Germ Oil, Ethyl Macadamiate, Hydrogenated Castor Oil/Sebacic Acid Copolymer, Hydroxypropyltrimonium Hydrolyzed Corn Starch, Starch Hydroxypropyltrimonium Chloride, Hydroxypropylgluconamide, Hydrolyzed Corn Starch Gluconate, Cetrimonium Chloride, Spirulina Platensis Extract, Furcellaria Lumbricalis Extract, Glycerin, Tocopherol, Malic Acid, Phenoxyethanol, Benzoic Acid, Dehydroacetic Acid, Parfum, Geraniol, Hexyl Cinnamal, Limonene, Linalool",PEH
"Aqua, Glycerin, Cetearyl Alcohol, Behentrimonium Methosulfate, Cetyl Alcohol, Stearamidopropyl Dimethylamine, Butyrospermum Parkii Butter, Cocos Nucifera Oil, Royal Jelly, Hydrolyzed Keratin, Keratin, Betaine, Linum Usitatissimum Seed Extract, Ceteareth-25, Laureth-23, TBHQ, Fragrance/Parfum Alcohol, Coumarin, Citric Acid, Potassium Sorbate, Caprylyl Glycol, Phenoxyethanol, Polyacrylamide",PEH
"Aqua, Glycerin, Aloe Barbadensis Leaf Juice, Punica Granatum Fruit Juice, Cetearyl Alcohol, Cetyl Alcohol, Passiflora Edulis Fruit Juice, Hydrolyzed Lupine Protein, Linum Usitatissimum Seed Extract, Yogurt, Niacinamide, Phytosterols, Caffeine, Biotin, Trifolium Pratense Flower Extract, Equisetum Arvense Extract, Urtica Dioica Extract, Cola Acuminata Seed Extract, Keratin, Hydrolyzed Keratin, Serenoa Serrulata Fruit Extract, Betaine, Butyrospermum Parkii Butter, Elaeis Guineensis Butter, Simmondsia Chinensis Seed Oil, Punica Granatum Seed Oil, Piroctone Olamine, Behentrimonium Methosulfate, Stearamidopropyl Dimethylamine, Citric Acid, Phenoxyethanol, Caprylyl Glycol, Sodium Benzoate, Ethylhexylglycerin, Beta Vulgaris Root Extract, Polyacrylamide, Fragrance, Maltodextrin, Acacia Senegal Gum, Silica, Red 33/CI17200, Benzyl Benzoate, Citral, Limonene, Linalool",PEH
"Aqua/Water, Cetearyl Alcohol, Stearyl Alcohol, Ricinus Communis (Castor) Seed Oil, Tripelargonin, Butylene Glycol, Coco-Caprylate/Caprate, Polyglyceryl-3 Betainate Acetate, Sorbitan Olivate, Behenamidopropyl Dimethylamine, Dipalmitoylethyl Hydroxyethylmonium Methosulfate, Glycerin, Panthenol, Prunus Amygdalus Dulcis (Sweet Almond) Oil, Salvia Hispanica Seed Oil, Caffeine, Apigenin, Oleanolic Acid, Biotinoyl Tripeptide-1, Wheat Amino Acids, Soy Amino Acids, Serine, Arginine HCl, Threonine, PPG-26-Buteth-26, PEG-40 Hydrogenated Castor Oil, Lactic Acid, Tocopheryl Acetate, Maltodextrin, Xanthan Gum, Hydroxyethylcellulose, Tetrasodium Glutamate Diacetate, 1,2-Hexanediol, Caprylyl Glycol, Hydroxyacetophenone, Sodium Hydroxide, Parfum/Fragrance, Benzyl Alcohol, Phenoxyethanol, Sodium Benzoate, Potassium Sorbate",E
"Aqua, Cetearyl Alcohol, Behentrimonium Chloride, Opuntia Ficus-Indica Extract, Cannabis Sativa Seed Oil, Hydrolyzed Wheat Gluten, Vitis Vinifera Seed Oil, Panthenol, Cetrimonium Chloride, Propylene Glycol, Citric Acid, Parfum, Linalool, Alpha-Isomethyl Ionone, Limonene",PEH
"Aqua, Cetearyl Alcohol, Behentrimonium Chloride, Prunus Amygdalus Dulcis Oil, Hydrolyzed Albumen, Glycerin, Panthenol, Biotin, Linoleic Acid, Linolenic Acid, Tocopheryl Acetate, Retinyl Palmitate, Cetrimonium Chloride, Bioflavonoids, Pyridoxine HCL, Propylene Glycol, Polysorbate 20, Parfum, Hexyl Cinnamal, Citric Acid",PEH
"Aqua, Cetearyl Alcohol, Behentrimonium Chloride, Cocos Nucifera Oil, Oryza Sativa Seed Protein, Phytic Acid, Oryza Sativa Extract, Glycerin, Biotin, Panthenol, Linoleic Acid, Linolenic Acid, Tocopheryl Acetate, Retinyl Palmitate, Bioflavonoids, Gluconolactone, Calcium Gluconate, Pyridoxine HCL, Propylene Glycol, Polysorbate 20, Cetrimonium Chloride, Citric Acid, Parfum, Linalool, Limonene",PEH
"Aqua, Cetearyl Alcohol, Behentrimonium Chloride, Paeonia Lactiflora Root Extract, Trehalose, Hydrolyzed Wheat Gluten, Simmondsia Chinensis Seed Oil, Vitis Vinifera Seed Oil, Glycerin, Cetrimonium Chloride, Citric Acid, Parfum",PEH
"Aqua, Cetearyl Alcohol, Butyrospermum Parkii (Shea) Butter, Ceteareth-20, Sesamum Indicum Seed Oil, Glycerin, Hydrolyzed Keratin, Hydrolyzed Wheat Protein, Argania Spinosa Kernel Oil, Cetrimonium Chloride, Polyquaternium-7, Parfum, Xanthan Gum, Dehydroacetic Acid, Benzyl Alcohol, Disodium EDTA, Citric Acid",PEH
"Aqua, Cetearyl Alcohol, Vitis Vinifera Seed Oil, Butyrospermum Parkii Butter, Caprylic/Capric Triglyceride, Glycerin, Behenamidopropyl Dimethylamine, Lactic Acid, Parfum, Stearamidopropyl Dimethylamine, Saberry, Maltodextrin, Tocopheryl Acetate, Rosmarinus Officinalis Leaf Extract, Chamomilla Recutita Flower Extract, Arnica Montana Flower Extract, Lamium Album Extract, Salvia Officinalis Leaf Extract, Pinus Sylvestris Bud Extract, Nasturtium Officinale Extract, Arctium Majus Root Extract, Citrus Limon Peel Extract, Hedera Helix Extract, Calendula Officinalis Flower Extract, Tropaeolum Majus Flower Extract, Sodium PCA, Sodium Lactate, Arginine, Aspartic Acid, PCA, Glycine, Alanine, Serine, Valine, Proline, Threonine, Isoleucine, Histidine, Phenylalanine, Triethyl Citrate, Caprylyl Glycol, Sodium Phytate, Benzoic Acid, Sodium Benzoate, Potassium Sorbate",PEH
"Aqua, Hamamelis Virginiana Leaf Water, Stearamidopropyl Dimethylamine, Cetyl Alcohol, Myristyl Alcohol, Lactic Acid, Aloe Barbadensis Leaf Juice, Panthenol, Betaine, Urea, Glycerin, Alanine, Creatine, Glycine, Saccharide Hydrolysate, Magnesium Aspartate, Achillea Millefolium Extract, Calendula Officinalis Flower Extract, Tocopherol, Lecithin, Ascorbyl Palmitate, Sodium Benzoate, Sodium Dehydroacetate, Parfum",PH
"Aqua, Stearamidopropyl Dimethylamine, Cetyl Alcohol, Myristyl Alcohol, Lactic Acid, Aloe Barbadensis Leaf Juice, Mangifera Indica Seed Butter, Persea Gratissima Oil, Cocos Nucifera Oil, Ribes Nigrum Leaf Extract, Lycium Barbarum Fruit Extract, LeuconostocRoot Ferment Filtrate, Hydrolyzed Corn Protein, Hydrolyzed Soy Protein, Hydrolyzed Wheat Protein, Panthenol, Tocopherol, Betaine, Lecithin, Glycerin, Ascorbyl Palmitate, Guar Hydroxypropyltrimonium Chloride, Sodium Benzoate, Sodium Dehydroacetate, Parfum",PEH
"Aqua, Stearamidopropyl Dimethylamine, Cetyl Alcohol, Myristyl Alcohol, Lactic Acid, Hydrolyzed Corn Protein, Hydrolyzed Wheat Protein, Hydrolyzed Soy Protein, Hydrolyzed Oat Protein, Hydrolyzed Rice Protein, Leuconostoc/radish Root Ferment Filtrate, Panthenol, Tocopherol, Betaine, Lecithin, Ascorbyl Palmitate, Guar Hydroxypropyltrimonium Chloride, Sodium Benzoate, Sodium Dehydroacetate, Parfum",H
"Behentrimonium methosulfate, Cetyl alcohol, Butylene glycol, Theobroma cacao butter, Prunus amygdalus Dulcis oil, Hydrogenated vegetable oil, Citrus grandis oil, Panthenol, Hydrolyzed silk, Sclerocarya birrea, Citrullus vulgaris seed oil, Crambe abyssinica seed oil, Ricinus communis oil, Cocomidopropyl betaine, Hydroxypropyltrimonium Honey, Leuconostoc/Radish Root Ferment Filtrate, Limonene, Myrcene, Citral",PEH
"Behentrimonium methosulfate, Cetyl alcohol, Butylene glycol, Theobroma cacao butter, Prunus amygdalus Dulcis oil, Hydrogenated vegetable oil, Citrus grandis oil, Panthenol, Hydrolyzed silk, Sclerocarya birrea, Citrullus vulgaris seed oil, Crambe abyssinica seed oil, Ricinus communis oil, Cocomidopropyl betaine, Hydroxypropyltrimonium Honey, Leuconostoc/Radish Root Ferment Filtrate, Limonene, Myrcene, Citral",PEH
"Aqua, Cetearyl Alcohol, Betaine, Coco-Glucoside, Butyrospermum Parkii Butter, Olea Europaea Fruit Oil, Helianthus Annuus Seed Oil, Cocos Nucifera Oil, Phenoxyethanol, Simmondsia Chinensis Seed Oil, Aloe Barbadensis Leaf Juice Powder, Xanthan Gum, Citric Acid, Lactic Acid, Benzoic Acid, Dehydroacetic Acid, Tocopherol, Spirulina Platensis, Musa sapientum Fruit Extract, Oryza sativa, Prunus Domestica Kernel Oil, Dehydroacetic Acid, Benzyl Alcohol",PEH
"Aqua, Cetyl Alcohol, Glycerin, Coco-caprylate, Zea Mays Starch, Illite, Panthenol, Decyl Glucoside, Hydroxyethylcellulose, Cocamidopropyl Betaine, Olea Europaea Fruit Oil, Lactic Acid, Cyamopsis Tetragonoloba Gum, Glyceryl Oleate, Mentha Piperita Oil, Sodium Benzoate, Benzyl Alcohol, Parfum, Limonene, Linalool, Geraniol, Citral, Dehydroacetic Acid",E
"Aqua, Cetearyl Alcohol, Isodecyl Oleate, Panthenol, Propanediol, Dicaprylyl Carbonate, Diethylhexyl Succinate, Cetyl Alcohol, Cetyl Palmitate, Behentrimonium Methosulfate, Xylitylglucoside, Behenyl/Stearyl Aminopropanediol Esters, Pelvetia Canaliculata Extract, Salicornia Herbacea Extract, Hydroxypropyltrimonium Honey, Sodium Hyaluronate, Tocopheryl Acetate, Calcium Lactate, Xylitol, Anhydroxylitol, Glucose, Arginine PCA, Caprylic/Capric Triglyceride, Oryza Sativa (Rica) Starch, Guar Hydroxypropyltrimonium Chloride, Sorbic Acid, Sodium Citrate, Benzyl Alcohol, Dehydroacetic Acid, Sodium Levulinate, Potassium Sorbate, Trisodium Ethylenediamine Disuccinate, Parfum, Linalool, Citronellol",H
"Aqua, Cetearyl Alcohol, Cetyl Palmitate, Coco Caprylate/Caprate, Squalane, Caprylic/Capric Triglyceride, Isodecyl Oleate, Dicaprylyl Carbonate, Cetyl Alcohol, Behentrimonium Methosulfate, Wasabia Japonica Root Extract, Menthyl Nicotinate, Menthol, Lactobionic Acid, Rice Oil Glycereth-8 Esters, Hydrolyzed Jojoba Esters, Jojoba Esters, Pistacia Lentiscus (Mastic) Gum, Propanediol, Tocopheryl Acetate, Guar Hydroxypropyltrimonium Chloride, Trisodium Ethylenediamine Disuccinate, Citric Acid, Sodium Levulinate, Potassium Sorbate, Parfum",E
"Aloe Barbadensis Leaf Extract, Cetearyl Alcohol, Acetamide MEA, Behenamidopropyl Dimethylamine Lactate, Glutamic Acid, Aspartic Acid, Polyquaternium-47, Polyquaternium-22, Corylus Avellana Leaf Extract, Benzyl Alcohol, Chlorphenesin, Glycerin, Cetrimonium Chloride, Stearamidopropyl Dimethylamine, Hydroxyethyl Urea, Cetearyl Alcohol, Behentrimonium Methosulfate, Shea Butter Ethyl Esters, PEG-90M, Caprylic/Capric Triglyceride, Phenoxyethanol Caprylyl Glycol Decylene Glycol, Parfum, Pentaclethra Macroloba Seed Oil, Lactic Acid, Panax Ginseng Extract, Tetrasodium EDTA, Benzophenone-4",E
"Aloe Barbadensis Leaf Extract, Cetearyl Alcohol, Stearamidopropyl Dimethylamine, Cetyl Alcohol, Shea Butter Ethyl Esters, Hydroxyethyl Urea, Parfum, Phenoxyethanol Caprylyl Glycol Decylene Glycol, Caprylic/Capric Triglyceride, Acetamide MEA, Behenamidopropyl Dimethylamine Lactate, Glutamic Acid, Aspartic Acid, Polyquaternium-47, Polyquaternium-22, Corylus Avellana Leaf Extract, Benzyl Alcohol, Chlorphenesin, Glycerin, Penthaclethra Macroloba Seed Oil, Panax Ginseng Extract, Tetrasodium EDTA, Lactic Acid, Benzophenone-4",E
"Aqua, Cetearyl Alcohol, Triticum Vulgare (Wheat) Germ Oil, Behentrimonium Chloride, Honey, Glycerin, Lanolin, Theobroma Cacao (Cocoa) Seed Butter, Panthenol, Silicone Quaternium-22, Polyglyceryl-3 Caprate, Dipropylene Glycol, Cocamidopropyl Betaine, Phenoxyethanol, Benzoic Acid, Dehydroacetic Acid, Parfum, Benzyl Alcohol, Benzyl Benzoate",E
"Aqua, Cetearyl Alcohol, Kaolin, Behentrimonium Chloride, Cocos Nuciefera Oil, Glycerin, Orbignya Oleifera Seed Oil, Panthenol, Cysteine HCl, Arginine, Sodium Hyaluronate, Phenoxyethanol, Benzoic Acid, Dehydroacetic Acid, Parfum, Limonene, Citronellol, Geraniol, Linalool",E
"Aqua, Cetearyl Alcohol, Vitis Vinifera Seed Oil, Behentrimonium Chloride, Glycerin, Hydrolyzed Keratin, Hydrolyzed Silk, Aloe Barbadensis Leaf Juice Powder, Panthenol, Phenoxyethanol, Benzoic Acid, Dehydroacetic Acid, Parfum",PE
"Aqua, Cetearyl Alcohol, Isoamyl Laurate, Propanediol, Ethyl Macadamiate, Cetrimonium Chloride, Solanum Tuberosum Starch, Ceteareth-10, Hydroxypropyltrimonium Hydrolyzed Corn Starch, Starch Hydroxypropyltrimonium Chloride, Musa Paradisica Fruit Extract, Camellia Sinensis Leaf Extract, Furcellaria Lumbricalis Extract, Parfum, Caprylyl Glycol, Triethyl Citrate, Malic Acid, Tocopherol, Benzoic Acid, Sodium Anisate, Lactic Acid, Trietanoloamina, Benzyl Benzoate, Glycerin, Ci 60730, Sodium Lactate, Urea, Phenoxyethanol, Citric Acid, Phenethyl Alcohol",E
"Aqua, Cetearyl Alcohol, Isoamyl Laurate, Propanediol, Ethyl Macadamiate, Cetrimonium Chloride, Ceteareth-10, Solanum Tuberosum Starch, Hydroxypropyltrimonium Hydrolyzed Corn Starch, Starch Hydroxypropyltrimonium Chloride, Musa Paradisiaca Fruit Extract, Camellia Sinensis Leaf Extract, Furcellaria Lumbricalis Extract, Parfum, Malic Acid, Tocopherol, Benzoic Acid, Sodium Anisate, Lactic Acid, Trietanolamina, Benzyl Benzoate, Glycerin, CI 42090, Sodium Lactate, Urea, Maltodextrin, Phenoxyethanol, Citric Acid, Phenethyl Alcohol, Dehydroacetic Acid",E
"Aqua, Cetearyl Alcohol, Behentrimonium Chloride, Starch Hydroxypropyltrimonium Chloride, Solanum Tuberosum Starch, Allium Cepa Extract, Saccharide Isomerate, Hydroxypropyltrimonium Hyaluronate, Aloe Barbadensis Leaf Juice Powder, Cetrimonium Chloride, Glycerin, Urea, Polysorbate 80, Hydroxypropyl Guar, Citric Acid, Sodium Citrate, Phenoxyethanol, Benzoic Acid, Dehydroacetic Acid, Caprylyl Glycol, Parfum, Amyl Cinnamal, Cinnamyl Alcohol, Hydroxycitronellal",H
"Aqua, Cetearyl Alcohol, Orbignya Oleifera Seed Oil, Shea Butter Ethyl Esters, Coco-Caprylate, Behentrimonium Methosulfate, Brassica Oleracea Italica Seed Oil, Inulin, Hydrolyzed Vegetable Protein, Starch Hydroxypropyltrimonium Chloride, Cetrimonium Chloride, Urea, Sodium Lactate, Lactic Acid, Sodium Benzoate, Potassium Sorbate, Benzoic Acid, Citric Acid, Phenoxyethanol, Ethylhexylglycerin, Parfum, Benzyl Alcohol, Limonene",PE
"Water, Aloe Barbadensis Leaf Juice, Brassica Alcohol, Glycerin, Cocos Nucifera Oil, Capryloyl Glycerin/Sebacic Acid Copolymer, Diheptyl Succinate, Brassicyl Isoleucinate Esylate, Canarium Luzonicum Gum Nonvolatiles, Cedrus Atlantica Bark Oil, Citrus Aurantium Dulcis Peel Oil, Geranium Maculatum Oil, Mentha Arvensis Leaf Oil, Mentha Piperita Oil, Calendula Officinalis Flower Extract, Chamomilla Recutita Flower Extract, Chenopodium Quinoa Seed, Mentha Piperita Leaf Extract, Tocopheryl Acetate, Alcohol, Arachidyl Alcohol, Arginine, Behenyl Alcohol, Calcium Gluconate, Glyceryl Stearate, Stearyl Alcohol, Gluconolactone, Sodium Benzoate, Citronellol, Limonene, Linalool",E
"Aqua, Cetearyl Alcohol, Isodecyl Oleate, Dicaprylyl Carbonate, Cetyl Palmitate, Cetyl Alcohol, Behentrimonium Methosulfate, Glycerin, Tanacetum Cinerariifolium Flower Extract, Pelargonium Graveolens Flower Oil, Melaleuca Alternifolia Leaf Oil, Dicaprylyl Ether, Tarchonanthus Camphoratus Oil, Helichrysum Angustifolium Flower Extract, Nigella Sativa Seed Oil, Behenyl/Stearyl Aminopropanediol Esters, 4-Terpineol, Trisodium Ethylenediamine Disuccinate, Lactic Acid, Citric Acid, Sodium Levulinate, Potassium Sorbate, Citronellol, Linalool, Geraniol, Limonene, Parfum",E
"Aqua, Cetearyl Alcohol, Glycerin, Isopropyl Myristate, Stearamidopropyl Dimethylamine, Coco-Caprylate/Caprate, Prunus Amygdalus Dulcis Oil, Shorea Stenoptera Seed Butter, Citric Acid, Sorbitan Caprylate, Parfum, Polyglyceryl-3 PCA, Propanediol, Benzoic Acid, Butylene Glycol, Hydroxypropyl Guar Hydroxypropyltrimonium Chloride, Terminalia Chebula Fruit Extract, Wheat Amino Acids, Avena Sativa Kernel Extract, Citrus Aurantifolia Fruit Extract, Ficus Carica Fruit Extract, Persea Gratissima Fruit Extract, Sodium Hydroxide, Potassium Sorbate, Sodium Benzoate, Trigonella Foenum-graecum Seed Extract, Xanthan Gum, Benzyl Alcohol, Coumarin, Hexyl Cinnamal, Limonene, Linalool, Alpha-isomethyl Ionone",PE
"Aqua,  Aloe Barbadensis Leaf Juice, Cetearyl Alcohol, Behentrimonium Chloride, Glycerin, Polyglyceryl-3 PCA, Rose Extract, Glycyrrhiza Glabra Rhizome/Root, Cichorium Intybus Leaf Extract, Hydrolyzed Rhodophyceae Extract, Panthenol, Linoleic Acid, Menthol, Biotin, Lactic Acid, Citrus Aurantifolia Extract, Cymbopogon Flexuosus Herb Extract, Parfum, Tetrasodium Glutamate Diacetate, Dehydroacetic Acid, Benzyl Alcohol, potassium Sorbate, Sodium Benzoate",H
"Aqua, Cetearyl Alcohol, Cetrimonium Chloride, Cetyl Palmitate, Behentrimonium Chloride, Dimethicone, Ethylhexyl Salicylate, Isopropyl Myristate, Parfum, Panthenol, Wheat Amino Acids, Guar Hydroxypropyltrimonium Chloride, Saccharomyces/Zinc Ferment, Saccharomyces/Copper Ferment, Saccharomyces/Magnesium Ferment, Saccharomyces/Iron Ferment, Saccharomyces/Silicon Ferment, Glycerin, Helichrysum Stoechas Flower Extract, Propylene Glycol, Marrubium Vulgare Extract, Sodium Benzoate, Hydroxycitronellal, Citric Acid",PE
"Aqua (Water), Cetearyl Alcohol, Cetrimonium Chloride, Isopropyl Myristate, Behentrimonium Chloride, Polyquaternium-70, Dipropylene Glycol, Panthenol, Hydrolyzed Keratin, Propylene Glycol, Goat Milk Extract, Sodium Benzoate, Parfum (Fragrance), Citric Acid",P
"Aqua, Cetearyl Alcohol, Cetrimonium Chloride, Distearoylethyl Hydroxyethylmonium Methosulfate, PCA Glyceryl Oleate, Cetyl Palmitate, Coco-Caprylate/Caprate, Cetearyl Glucoside, Shea Butter Ethyl Esters, Glycerin, Guar Hydroxypropyltrimonium Chloride, Canola Oil, Olea Europaea Fruit Oil, Inulin, Sodium Benzoate, Parfum, Citral, Limonene, Lactic Acid",E
"Aqua, Cetearyl Alcohol, Cetrimonium Chloride, Cetyl Esters, Behentrimonium Chloride, Isopropyl Myristate, Panthenol, Argania Spinosa Kernel Oil, Camellia Japonica Seed Oil, Sodium Benzoate, Parfum, Linalool, Citric Acid",E
"Aqua/Water/Eau, Glycerin, Propylene Glycol, Butylene Glycol, Cetearyl Alcohol, Behentrimonium Chloride, Cetyl Alcohol, Parfum (Fragrance), Polyquaternium-11, PVP, Polyquaternium-10, Hydroxyethylcellulose, Argania Spinosa Kernel Oil, Cocos Nucifera Oil, Mangifera Indica Seed Butter, Butyrospermum Parkii Butter, Simmondsia Chinensis Seed Oil, Prunus Amygdalus Dulcis Oil, Persea Gratissima Oil, Olea Europaea Fruit Oil, Sodium Acetate, Isopropyl Alcohol, Benzyl Benzoate, Limonene, Linalool, Phenoxyethanol, Benzyl Alcohol",H
"Aqua/Water/Eau, Glycerin, Propylene Glycol, Butylene Glycol, Cetearyl Alcohol, Behentrimonium Chloride, Cetyl Alcohol, Parfum, Butyrospermum Parkii Butter, Cocos Nucifera Oil, Hydroxyethylcellulose, Mel/Honey/Miel, PVP, Lauric Acid, Polyquaternium-10, Polyquaternium-11, Lauryl Alcohol Diphosphonic Acid, Sodium Acetate, Pentylene Glycol, Sodium Chloride, Benzophone-3, Isopropyl Alcohol, Citric Acid, Benzyl Alcohol, Phenoxyethanol",H
"Aqua, Collagen, Coco Caprylate/Caprate, Lactic Acid, Avocado Oil Aminopropanediol Esters, Grapeseed Oil Aminopropanediol Esters, Raspberry Seed Oil/Tocopherol Succinate Aminopropanediol Esters, Sodium Hyaluronate, Phenoxyethanol, Benzoic Acid, Hydroacetic Acid, Citronellol, Geraniol, Hexyl Cinnamal, Hydroxycitronellal, Parfum",P
"Water, Cetearyl Alcohol, Propanediol, Behentrimonium Chloride, Hydroxypropyl Starch Phosphate, Cetyl Esters, Fragrance, Guar Hydroxypropyltrimonium Chloride, Selaginella Lepidophylla Extract, Carapa Guaianensis Seed Oil, Aloe Barbadensis Leaf Juice, Ocimum Basilicum Leaf Extract, Piper Nigrum Seed Extract, Rosmarinus Officinalis Leaf Extract, Salvia Officinalis Leaf Extract, Helianthus Annuus Seed Oil, Prunus Armeniaca Kernel Oil, Persea Gratissima Oil, Butyrospermum Parkii, Panthenol, Ethylhexylglycerin, Citric Acid, Disodium Edta, Sodium Hydroxide, Potassium Sorbate, Sodium Benzoate, Glycerin, Phenoxyethanol, Linalool, Limonene",H
"Aqua, Chamomilla Recutita Flower Water, Propanediol, Cetearyl Alcohol, Behenamidopropyl, Dimethylamine, Glycerin, Sodium Pca, Inulina, Lactic Acid, Emblica Officinalis Fruit Extract, Orbignya Oleifera Seed Oil, Simmondsia Chinensis Seed Oil, Persea Gratissima Oil, Saccharide Isomerate, Argania Spinosa Kernel Oil, Citrus Limonum Peel Oil, Fructose, Titanium Dioxide, Linseed Acid, Tocopherol, Mica, Cyamopsis Tetragonoloba Gum, Helianthus Annuus (Sunflower) Seed Oil Unsaponifiables, Glycine Soja Oil Oil, Sodium Citrate, Citric Acid, Parfum (Fragrance), Benzyl Alcohol, Sodium Benzoate, Potassium Sorbate, Limonene, Linalool, Citral",H
"Water, Hibiscus Sabdariffa Flower Water, Cetyl Alcohol, Stearyl Alcohol, Glycerin, Behentrimonium Chloride, Eclipta Prostrata Extract, Melia Azadirachta Leaf Extract, Glycine Soja Seed Extract, Moringa Oleifera Seed Oil, Honey Extract, Cocos Nucifera Oil, Olea Europaea Fruit Oil, Simmondsia Chinensis Seed Oil, Cetyl Esters, Isoamyl Laurate, Cetrimonium Chloride, 1,2-Hexanediol, Butylene Glycol, Pentylene Glycol, Ethylhexyglycerin, Octanediol,  Disodium EDTA, Sodium Benzoate, Potassium Sorbate, Fragrance",H
"Aqua, Cetyl Alcohol, Sucrose, Vitis Vinifera Seed Oil, Olea Europaea Fruit Oil, Glycerin, Stearic Acid, Arctium Lappa Extract, Panthenol, Decyl Glucoside, Argania Spinosa Kernel Oil, Glyceryl Oleate, Lactic Acid, Cyamopsis Tetragonoloba Gum, Sodium Benzoate, Cocamidopropyl Betaine, Pinus Silvestris Oil",H
"Aqua, Cetearyl Alcohol, Stearyl Alcohol, Brassicamidopropyl Dimethylamine, Glycerin, Bis-Cetearyl Amodimethicone, Prunus Domestica Seed Oil, Inulin, Rhodiola Rosea Root Extract, Rubus Villosus Fruit Extract, Argania Spinosa Seed Oil, Persea Gratissima Oil, Hydrolyzed Jojoba Esters, Hydrolyzed Vegetable Protein PG-Propyl Silanetriol, Undecane, Tridecane, Tocopherol, Lactic Acid, Citric Acid, Parfum, Sodium Benzoate, Potassium Sorbate",PE
"Aqua, Cetearyl Alcohol, Glycerin, Behenamidopropyl Dimethylamine, Prunus Domestica Seed Oil, Rhodiola Rosea Root Extract, Rubus Villosus Fruit Extract, Betaine, Inulin, Hydrolyzed Vegetable Protein PG-Propyl Silanetriol, Coco- Caprylate/Caprate, Undecane, Tridecane, Hydrolyzed Lupine Seed Extract, Hydrolyzed Jojoba Esters, Cetrimonium Chloride, Disodium EDTA, Tocopherol, Beta Sitosterol, Squalene, Glycine Soja Oil, Lactic Acid, Citric Acid, Parfum, 1,2-Hexanediol, Caprylyl Glycol, Benzoic Acid, Sodium Benzoate, Potassium Sorbate, Limonene, Citral",PE
"Aqua, Cetearyl Alcohol, Propylene Glycol, Glycerin, Behentrimonium Chloride, Hydroxyethylcellulose, Cetrimonium Chloride, Phenoxyethanol, Quaternium-80, Polyquaternium-37, Polyquaternium-11, Sodium Benzoate, Dipropylene Glycol, Citric Acid, Isopropyl Alcohol, Parfum, Tetrasodium EDTA",H
"Aqua, Cetearyl Alcohol, Glycerin, Behentrimonium Chloride, Dimethicone, Distearoylethyl Dimonium Chloride, Argania Spinosa Kernel Oil, Cocos Nucifera Oil, Olea Europaea Fruit Oil, Aloe Barbadensis Leaf Juice, Hydrolyzed Wheat Protein, Hydrolyzed Ceratonia Siliqua Seed Extract, Panthenol, Polyquaternium-7, Parfum, Cetrimonium Chloride, Isopropyl Alcohol, Lactic Acid, Citric Acid, Phenoxyethanol, Potassium Sorbate, Sodium Benzoate, Zea Mays Starch, Guar Hydroxypropyltrimonium Chloride, Benzyl Benzoate, Benzyl Salicylate, Coumarin, Limonene, Eugenol, Hexyl Cinnamal, Linalool",PE
"Aqua, Cetearyl Alcohol, Panthenol, Quaternium-91, Oenothera Biennis Oil, Vaccinium Macrocarpon Seed Oil, Hydrolyzed Wheat Protein, Myristyl Myristate, Behentrimonium Chloride, Parfum",PE
"Aqua, Cetearyl Alcohol, Glycerin, Behentrimonium Chloride, Glyceryl Stearate SE, Cannabis Sativa Seed Oil, Hydrolyzed Wheat Gluten, Hydrolyzed Keratin, Amodimethicone, Trideceth-12, Cetrimonium Chloride, Simmondsia Chinensis Seed Oil, Tocopherol, Olus Oil, Benzyl Alcohol, Guar Hydroxypropyltrimonium Chloride, Lactic Acid, Dehydroacetic Acid, Parfum",PE
"Aqua, Cetearyl Alcohol, Glycerin, Behentrimonium Chloride, Glyceryl Stearate SE, Cocos Nucifera Oil, Hydrolyzed Keratin, Panthenol, Guar Hydroxypropyltrimonium Chloride, Amodimethicone, Trideceth-12, Cetrimonium Chloride, Benzyl Alcohol, Lactic Acid, Dehydroacetic Acid, Parfum, Coumarin",PE
"Aqua, Prunus Amygdalus Dulcis Oil, Ricinus Communis Seed Oil, Ceramide 3, Ceramide 6 II, Ceramide 1, Phytosphingosine, Cholesterol, Sodium Lauroyl Lactylate, Carbomer, Xanthan Gum, Cetearyl Olivate, Sorbitan Olivate, Behentrimonium Methosulfate, Cetyl Alcohol, Hydrolyzed Corn Protein, Hydrolyzed Wheat Protein, Hydrolyzed Soy Protein, Leuconostoc/Radish Root Ferment Filtrate, Caffein, Glycerin, Panthenol, Lactic Acid, Dehydroacetic Acid, Benzyl Alcohol, Parfum",PE
"Aqua, Cetearyl Alcohol, Persea Gratissima Oil, Olus Oil, Behentrimonium Chloride, Simmondsia Chinensis Seed Oil, Calendula Officinalis Flower Oil, Cocos Nucifera Oil, Citrus Limon Fruit Extract, Inulin, Panthenol, Glycerin, Hydrolyzed Silk, Hydrolyzed Ceratonia Siliqua Seed Extract, Zea Mays Starch, Guar Hydroxypropyltrimonium Chloride, Hydroxypropyl Guar Hydroxypropyltrimonium Chloride, Tocopheryl Acetate, Lactic Acid, Citric Acid, Hydroxyethylcellulose, Polyquaternium-7, Isopropyl Alcohol, Benzyl Alcohol, Dehydroacetic Acid, Sodium Benzoate, Potassium Sorbate, Phenoxyethanol, Ethylhexylglycerin, Parfum, Citral, Limonene",PE
"Aqua, Cetearyl Alcohol, Cetrimonium Chloride, Dimethicone, Behentrimonium Chloride, Isopropyl Myristate, Guar Hydroxypropyltrimonium Chloride, Panthenol, Ceramide NP, Ceramide AP, Ceramide EOP, Phytosphingosine, Cholesterol, Sodium Lauroyl Lactylate, Carbomer, Xanthan Gum, Sodium Benzoate, Parfum, Citric Acid",P
"Aqua, Cetearyl Alcohol, Cetrimonium Chloride, Cetyl Esters, Behentrimonium Chloride, Isopropyl Myristate, Panthenol, Argania Spinosa Kernel Oil, Camellia Japonica Seed Oil, Sodium Benzoate, Parfum, Linalool, Citric Acid",H
"Water, Stearyl Alcohol, Cetyl Alcohol, Butyrospermum Parkii Butter, Stearamidopropyl Dimethylamine, Glyceryl Stearate, Phenoxyethanol, Parfum, Neopentyl Glycol Diheptanoate,Lactic Acid, Isododecane, Ethylhexylglycerin, Polyester-11, Panthenol, Disodium EDTA, Benzyl Benzoate",E
"Water, Stearyl Alcohol, Cetyl Alcohol, Persea Gratissima Oil, Stearamidopropyl Dimethylamine, Glyceryl Stearate, Butyrospermum Parkii Butter, Neopentyl Glycol Diheptanoate, Isododecane, Fragrance, Phenoxyethanol, Ethylhexylglyerin, Lactic Acid, Polyester-37, Disodium EDTA , Panthenol",E
"Aqua, Myristyl Alcohol, Behenamidopropyl Dimethylamine, Caprylic/capric Triglyceride, Cetyl Alcohol, Oryza Sativa Bran Oil, Hydrolyzed Rice Protein, Argania Spinosa Kernel Oil, Malva Sylvestris Extract, Althaea Officinalis Root Extract, Glycerin, Sodium Benzoate, Lactic Acid, Sodium Dehydroacetate, Hexyl Cinnamal, Benzyl Alcohol, Coumarin, Linalool, Parfum",PEH
"Aqua, Myristyl Alcohol, Behenamidopropyl Dimethylamine, Caprylic/capric Triglyceride, Cetyl Alcohol, Oryza Sativa Bran Oil, Hydrolyzed Rice Protein, Argania Spinosa Kernel Oil, Malva Sylvestris Extract, Althaea Officinalis Root Extract, Glycerin, Sodium Benzoate, Lactic Acid, Sodium Dehydroacetate, Hexyl Cinnamal, Benzyl Alcohol, Coumarin, Linalool, Parfum",PH
"Aqua, Cetearyl Alcohol, Cocos Nucifera Oil, Distearoylethyl Hydroxyethylmonium Methosulfate, Stearamidopropyl Dimethylamine, Citric Acid, Parfum, Chlorphenesin, Guar Hydroxypropyltrimonium Chloride, Salicylic Acid, Trisodium Ethylenediamine Disuccinate, Glycerin, Pogostemon Cablin Leaf Oil, Sorbic Acid, Amyris Balsamifera Bark Oil, Anthemis Nobilis Flower Oil, Canarium Commune Gum Oil, Cistus Ladaniferus Oil, Cymbopogon Flexuosus Oil, Eucalyptus Maculata Citriodora, Pelargonium Graveolens Flower Oil, Rosmarinus Officinalis Leaf Oil, Vitis Vinifera Leaf Oil, Benzyl Alcohol, Basic Orange 31",E
"Aqua, Cetearyl Alcohol, Cocos Nucifera Oil, Distearoylethyl Hydroxyethylmonium Methosulfate, Stearamidopropyl Dimethylamine, Citric Acid, Parfum, Chlorphenesin, Guar Hydroxypropyltrimonium Chloride, Salicylic Acid, Trisodium Ethylenediamine Disuccinate, Glycerin, Pogostemon Cablin Leaf Oil, Sorbic Acid, Amyris Balsamifera Bark Oil, Anthemis Nobilis Flower Oil, Canarium Commune Gum Oil, Cistus Ladaniferus Oil, Cymbopogon Flexuosus Oil, Eucalyptus Maculata Citriodora, Pelargonium Graveolens Flower Oil, Rosmarinus Officinalis Leaf Oil, Vitis Vinifera Leaf Oil, Benzyl Alcohol, Basic Red 51",E
"Aqua, Cetearyl Alcohol, Cocos Nucifera Oil, Distearoylethyl Hydroxyethylmonium Methosulfate, Stearamidopropyl Dimethylamine, Parfum, Citric Acid, Chlorphenesin, Guar Hydroxypropyltrimonium Chloride, Salicylic Acid, Trisodium Ethylenediamine Disuccinate, Glycerin, Pogostemon Cablin Leaf Oil, Sorbic Acid, Amyris Balsamifera Bark Oil, Anthemis Nobilis Flower Oil, Canarium Commune Gum Oil, Cistus Ladaniferus Oil, Cymbopogon Flexuosus Oil, Eucalyptus Maculata Citriodora, Pelargonium Graveolens Flower Oil, Rosmarinus Officinalis Leaf Oil, Vitis Vinifera Leaf Oil, Benzyl Alcohol, Basic Violet 2, Hc Blue No. 15",E
"Aqua, Behentrimonium Methosulfate, Cetearyl Alcohol, Glycerin, Prunus Amygdalus Dulcis Oil, Stearamidopropyl Dimethylamine, Hydrolyzed Keratin, Rubus Idaeus Seed Oil, Helianthus Annuus Seed Oil, Rubus Idaeus Fruit Extract, Rubus Fruticosus Fruit Extract, Fragaria Ananassa Fruit Extract, BHT, Ascorbyl Palmitate, Allantoin, Panthenol, Triticum Vulgare Germ Extract, Ocimum Basilicum Hairy Root Culture Extract, Raphanus Sativus Extract, Citric Acid, Hydroxyacetophenone, Dehydroacetic Acid, Benzyl Alcohol, Parfum, Cl 16035",P
"Aqua, Cetearyl Alcohol, Stearyl Alcohol, Glycerin, Distearoylethyl Hydroxyethylmonium Methosulfate, Behentrimonium Chloride, Citric Acid, Cetrimonium Chloride, Hydroxyethylcellulose, Parfum, Benzyl Alcohol, Dicaprylyl Ether, Polyquaternium-10, Chlorphenesin, Lauryl Alcohol, Isopropyl Alcohol, Salicylic Acid, Trisodium Ethylenediamine Disuccinate, Citrus Aurantium Dulcis Peel Extract, Lemon Terpenes, Pelargonium Graveolens Flower Oil, Sorbic Acid, Anthemis Nobilis Flower Extract, Boswellia Carterii Resin Extract, Citrus Nobilis Peel Oil, Lavandula Angustifolia Oil, Litsea Cubeba Fruit Oil, Mentha Arvensis Leaf Oil, Pogostemon Cablin Leaf Oil, Potassium Sorbate, Citronellol, Limonene, Geraniol, Acid Violet 43",PH
"Aqua, Cetearyl Alcohol, Glycerin, Behenamidopropyl Dimethylamine, Bis Cetearyl Amodimethicone, Linum Usitatissimum Seed Oil, Hydrolyzed Lupine Seed Extract, Citrus Junos Fruit Extract, Astragalus Membranaceus Root Extract, Inulin, Hydrolyzed Vegetable Protein PG-Propyl Silanetriol, Undecane, Tridecane, Cetrimonium Chloride, Tocopherol, Butylene Glycol, Lactic Acid, Parfum, Sodium Benzoate, Potassium Sorbate, Benzoic Acid, 1,2- Hexanediol, Caprylyl Glycol, Hexyl Cinnamal, Limonene",PH
"Aqua, Glycerin, Caprylic Capric Succinic Triglyceride, Ammonium Acryloyldimethyltaurate VP Copolymer, Hydrolyzed Vegetable Protein, Hydrolyzed Rice Protein, Hydrolyzed Wheat Protein, Hydrolyzed Soy Protein, Proline, Serine, Sodium PCA, Glycine, Alanine, Aspartic Acid, Phenylalanine, Histidine, Valine, Threonine, Isoleucine, Arginine, PCA Hydroxypropyl Guar Hydroxypropyltrimonium Chloride, Inulin, Ganoderma Lucidum Extract, Hydrolyzed Jojoba Esters, Sodium Lactate, Lactic Acid, Sodium Polyacrylate, Parfum, Sodium Benzoate, Phenoxyethanol, Ethylhexylglycerin",PH
"Aqua, Cetearyl Alcohol, Stearyl Alcohol, Brassicamidopropyl Dimethylamine, Glycerin, Bis-Cetearyl Amodimethicone, Prunus Domestica Seed Oil, Inulin, Rhodiola Rosea Root Extract, Rubus Villosus Fruit Extract, Argania Spinosa Seed Oil, Persea Gratissima Oil, Hydrolyzed Jojoba Esters, Hydrolyzed Vegetable Protein PG-Propyl Silanetriol, Undecane, Tridecane, Tocopherol, Lactic Acid, Citric Acid, Parfum, Sodium Benzoate, Potassium Sorbate",PH
"Aqua, Cetearyl Alcohol, Glycerin, Behenamidopropyl Dimethylamine, Prunus Domestica Seed Oil, Rhodiola Rosea Root Extract, Rubus Villosus Fruit Extract, Betaine, Inulin, Hydrolyzed Vegetable Protein PG-Propyl Silanetriol, Coco- Caprylate/Caprate, Undecane, Tridecane, Hydrolyzed Lupine Seed Extract, Hydrolyzed Jojoba Esters, Cetrimonium Chloride, Disodium EDTA, Tocopherol, Beta Sitosterol, Squalene, Glycine Soja Oil, Lactic Acid, Citric Acid, Parfum, 1,2-Hexanediol, Caprylyl Glycol, Benzoic Acid, Sodium Benzoate, Potassium Sorbate, Limonene, Citral",PH
"Aqua, Linum Usitatissimum Seed Extract, Cetyl Alcohol, Cocos Nucifera Oil, Sucrose, Glycerin, Vitis Vinifera Seed Oil, Stearic Acid, Panthenol, Decyl Glucoside, Lactic Acid, Glyceryl Oleate, Cyamopsis Tetragonoloba Gum, Tocopheryl Acetate, Cocamidopropyl Betaine, Sodium Benzoate",E
"Aqua, Aloe Barbadensis Leaf Juice, Glycerin, Persea Gratissima Oil, Cetyl Alcohol, Cetrimonium Chloride, Ricinus Communis Seed Oil, Lemongrass Oil, Mangifera Indica Fruit Extract, Althaea Officinalis Root, Tocopheryl Acetate, Citrus Grandis Extract, Ulmus Fulva Bark Extract, Panthenol, Biotin, Panthenol Chamomilla Recutita Flower Extract, Lavandula Angustifolia Extract, Rosmarinus Officinalis Leaf Oil, Equisetum Hiemale Extract, Silk Amino Acids, Urtica Dioica Extract, Thymus Vulgaris Extract, Achillea Millefolium Extract, Fragrance, Citric Acid, Behentrimonium Methosulfate, Violet 2",PEH
"Aqua, Cetearyl Alcohol, Cocos Nucifera Oil, Dimethicone, Behentrimonium Chloride, Glycerin, Cetyl Alcohol, Phenoxyethanol, Cetrimonium Chloride, Parfum, Pentylene Glycol, Potassium Sorbate, Caffeine, Ethylhexylglycerin, Benzophenone-4, Triticum Vulgare Bran Extract, 2-Hexanediol, Caprylyl Glycol, Coffea Arabica Seed Extract, Chondrus Crispus Extract, Coffea Robusta Seed Extract, Fucus Vesiculosus Extract, Laminaria Digitata Extract, Maris Sal, Sodium Benzoate, Citric Acid",E
"Aqua, Glycerin, Cyclopentasiloxane, Polyacrylamide, Polysorbate 20, Dimethiconol, C13-14 Isoparaffin, Phenylpropyldimethylsiloxysilicate, Phenoxyethanol, Benzyl Alcohol, Parfum, Linoleamidopropyl PG-Dimonium Chloride Phosphate Dimethicone, Laureth-7, Potassium Sorbate, Hydrolyzed Wheat Protein PG-Propyl Silanetriol",H
"Aqua, Cetearyl Alcohol, Behenamidopropyl Dimethylamine, Ricinus Communis Seed Oil, Polyglyceryl-3 Betainate Acetate, Brassica Alcohol, Trichilia Emetica Seed Butter, Brassicyl Valinate Esylate, Ceramide NG, Ganoderma Lucidum Extract, Olea Europaea Fruit Oil, Sodium Levulinate, Bambusa Arundinacea Leaf Extract, Trametes Versicolor Extract, Hydrolyzed Corn Protein, Hydrolyzed Soy Protein, Hydrolyzed Wheat Protein, Levulinic Acid, Glycerin, Leuconostoc/Radish Root Ferment Filtrate, Gluconolactone, Maltodextrin, Hydroxypropyl Guar Hydroxypropyltrimonium Chloride, Lactic Acid, Parfum, Citric Acid, Sodium Hydroxide, Sodium Benzoate, Potassium Sorbate",PH
"Aqua, Cetearyl Alcohol, Brassicamidopropyl Dimethylamine, Squalane, Cetyl Esters, Limnanthes Alba Seed Oil, Ethyl Olivate, Glyceryl Stearate, Hydrolyzed Rice Bran Protein, Hydrolyzed Soy Protein, Kappaphycus Alvarezii Extract, Ganoderma Lucidum Extract, Laminaria Saccharina Extract, Glycine, Olea Europaea Leaf Extract, Gluconolactone, Glycerin, Sodium Levulinate, Levulinic Acid, Parfum, Aspartic Acid, Tetrasodium Glutamate Diacetate, Tocopherol, Lactic Acid, Maltodextrin, Sodium Benzoate, Potassium Sorbate",PH
"Aqua, Cetyl Alcohol, Stearyl Alcohol, Allium Cepa Seed Oil, Dipalmitoylethyl Hydroxyethylmonium Methosulfate, Behenamidopropyl Dimethylamine, C13-15 Alkane, Platonia Insignis Seed Butter, Lactic Acid, Gluconolactone, Sorbitol, Ocimum Basilicum Flower/leaf Extract, Levulinic Acid, Glycerin, Sodium Levulinate, Hydroxypropyl Guar Hydroxypropyltrimonium Chloride, Tocopherol, Parfum, Sodium Benzoate, Potassium Sorbate, Citric Acid, Sodium Hydroxide, Benzyl Salicylate, Citronellol, Coumarin, Hexyl Cinnamal, Limonene, Linalool",H
"Aqua, Cetearyl Alcohol, Glycerin, Isopropyl Myristate, Stearamidopropyl Dimethylamine, Coco-Caprylate/Caprate, Prunus Amygdalus Dulcis Oil, Shorea Stenoptera Seed Butter, Citric Acid, Sorbitan Caprylate, Parfum, Polyglyceryl-3 PCA, Propanediol, Benzoic Acid, Butylene Glycol, Hydroxypropyl Guar Hydroxypropyltrimonium Chloride, Terminalia Chebula Fruit Extract, Wheat Amino Acids, Avena Sativa Kernel Extract, Citrus Aurantifolia Fruit Extract, Ficus Carica Fruit Extract, Persea Gratissima Fruit Extract, Sodium Hydroxide, Potassium Sorbate, Sodium Benzoate, Trigonella Foenum-graecum Seed Extract, Xanthan Gum, Benzyl Alcohol, Coumarin, Hexyl Cinnamal, Limonene, Linalool, Alpha-isomethyl Ionone",PH
"Aqua, Cetearyl Alcohol, Glycerin, Isopropyl Myristate, Stearamidopropyl Dimethylamine, Citric Acid, Coco-caprylate/caprate, Sorbitan Caprylate, Squalane, Shea Butter Ethyl Esters, Parfum, Propanediol, Aloe Barbadensis Leaf Juice, Benzoic Acid, Hydroxypropyl Guar Hydroxypropyltrimonium Chloride, Hydrolyzed Vegetable Protein, Vanilla Planifolia Fruit Extract, Santalum Album (Sandalwood) Extract, Carica Papaya Fruit Extract, Rosa Gallica Flower Extract, Alcohol, Sodium Hydroxide, Sodium Benzoate, Potassium Sorbate",PH
"Aqua, Cetearyl Alcohol, Cetrimonium Chloride, Cetyl Palmitate, Behentrimonium Chloride, Dimethicone, Ethylhexyl Salicylate, Isopropyl Myristate, Parfum, Panthenol, Wheat Amino Acids, Guar Hydroxypropyltrimonium Chloride, Saccharomyces/Zinc Ferment, Saccharomyces/Copper Ferment, Saccharomyces/Magnesium Ferment, Saccharomyces/Iron Ferment, Saccharomyces/Silicon Ferment, Glycerin, Helichrysum Stoechas Flower Extract, Propylene Glycol, Marrubium Vulgare Extract, Sodium Benzoate, Hydroxycitronellal, Citric Acid",PH
"Aqua, Cetearyl Alcohol, Cetrimonium Chloride, Distearoylethyl Hydroxyethylmonium Methosulfate, PCA Glyceryl Oleate, Cetyl Palmitate, Coco-Caprylate/Caprate, Cetearyl Glucoside, Shea Butter Ethyl Esters, Glycerin, Guar Hydroxypropyltrimonium Chloride, Canola Oil, Olea Europaea Fruit Oil, Inulin, Sodium Benzoate, Parfum, Citral, Limonene, Lactic Acid",H
"Aqua/Water/Eau, Cetearyl Alcohol, Distearoylethyl Dimonium Chloride, Myristyl Alcohol, Parfum/Fragrance, Cocos Nucifera (Coconut) Oil, Rosa Canina Callus Lysate, Myristyl Lactate, Inulin, Fructose, Glycerin, Citric Acid, Benzyl Alcohol, Glyceryl Laurate",H
"Aqua, Cetearyl Alcohol, Behetrimonium Chloride, Amodimethicone, Cetyl Esters, Polyquaternium-37, Hydroxypropyltrimonium Hydrolyzed Corn Starch, Prunus Amygdalus Dulcis Oil, Aloes Barbadensis Leaf Juice, Panthenol, Phenoxyethanol, Caprylyl Glycol, Cetrimonium Chloride, Parfum, Trideceth-12, Propylene Glycol Dicaprylate/Dicaprete, PPG-1 Trideceth-6, Pentasodium Pentetate, Citric Acid, Isopropyl Alcohol, Potassium Sorbate, Sodium Benzoate",E
"Aqua, Cetearyl Alcohol, Behetrimonium Chloride, Amodimethicone, Cetyl Esters, Hydroxypropyltrimonium Hydrolyzed Corn Starch, Polyquaternium-37, Prunus Amygdalus Dulcis Oil, Aloes Barbadensis Leaf Juice, Phenoxyethanol, Caprylyl Glycol, Cetrimonium Chloride, Parfum, Panthenol, Trideceth-12, Propylene Glycol Dicaprylate/Dicaprete, PPG-1 Trideceth-6, Pentasodium Pentetate, Citric Acid, Isopropyl Alcohol, Potassium Sorbate, Sodium Benzoate",E
"Aqua, Cetearyl Alcohol, Behentrimonium Methosulfate, Isoamyl Laurate, Coco-Caprylate/Caprate, Propanediol, Prunus Amygdalus Dulcis Oil, Shea Butter Ethyl Esters, Polyquaternium-37, Inulin, Propylene Glycol Dicaprylate/Dicaprate, Prunus Amygdalus Dulcis Fruit Extract, Glycerin, Zea Mays Starch, Parfum, Phenoxyethanol, Panthenol, Citric Acid, Caprylyl Glycol, Gluconolactone, Polyglyceryl-4 Caprate, Pentasodium Pentetate, Xanthan Gum, Tocopherol, Sodium Benzoate, Potassium Sorbate, Calcium Gluconate",H
"Aqua, Cetearyl Alcohol, Behentrimonium Methosulfate, Coco-Caprylate/Caprate, Propanediol, Avena Sativa Kernel Oil, Isoamyl Laurate, Inulin, Polyquaternium-37, Avena Sativa Kernel Extract, Helianthus Annuus Seed Oil, Parfum, Propylene Glycol Dicaprylate/Dicaprate, Phenoxyethanol, Rosmarinus Officinalis Leaf Extract, Caprylyl Glycol, Panthenol, Glycerin, PPG-1 Trideceth-6, PEG-60 Hydrogenated Castor Oil, Citric Acid, Pentasodium Pentetate, Sodium Benzoate, Potassium Sorbate",H
"Aqua, Cetearyl Alcohol, Behentrimonium Methosulfate, Coco-Caprylate/Caprate, Propanediol, Glycine Soja Oil, Inulin, Polyquaternium-37, Hydrolyzed Soy Protein, Propylene Glycol Dicaprylate/Dicaprate, Isoamyl Laurate, Panthenol, Phenoxyethanol, Parfum, PPG-1 Trideceth-6,Caprylyl Glycol, Gluconolactone, Pentasodium Pentetate, Sodium Benzoate, Potassium Sorbate, Phenethyl Alcohol, Calcium Gluconate, Citric Acid",PH
"Aqua, Cetearyl Alcohol, Shea Butter Ethyl Esters, Coco-Caprylate/Caprate, Palmitamidopropyltrimonium Chloride, Glyceryl Stearate, Persea Gratissima Oil, Macadamia Integrifolia Seed Oil, Mangifera Indica Fruit Extract, Carum Petroselinum Extract, Glycerin, Phenoxyethanol, Caprylyl Glycol, Parfum, Citric Acid, Potassium Sorbate, Sodium Benzoate, Ascorbyl Palmitate",E
"Aqua, Isoamyl Laurate, Coco-Caprylate/Caprate, Hydroxyethylcellulose, PEG-12 Dimethicone, Persea Gratissima Seed Oil, Vaccinium Macrocarpon Fruit Extract, Amodimethicone/silsesquioxane Copolymer, Guar Hydroxypropyltrimonium Chloride, Cetrimonium Chloride, Polyquaternium-37, Propylene Glycol Dicaprylate/dicaprate, Glycerin, Phenoxyethanol, Caprylyl Glycol, Ascorbyl Palmitate, Parfum, Polysorbate-20, Sodium Chloride, Citric Acid, PPG-1 Trideceth-6, Trideceth-5, Sorbitan Oleate, Acrylates/Stearyl Methacrylate Copolymer",H
"Aqua, Cetearyl Alcohol, Behentrimonium Methosulfate, Isoamyl Laurate, Coco-caprylate/caprate, Propanediol, Brassica Oleracea Acephala Leaf Extract, Pumpkin Seed Oil Polyglyceryl-4 Esters, Shea Butter Ethyl Esters, Hydrolyzed Soy Protein, Polyquaternium-37, Propylene Glycol Dicaprylate/dicaprate, Glycerin, Panthenol, Phenoxyethanol, Caprylyl Glycol, Calcium Gluconate, Gluconolactone, Phenethyl Alcohol, Parfum, Citric Acid, Ppg-1 Trideceth-6, Sorbitan Oleate, Acrylates/stearyl Methacrylate Copolymer, Potassium Sorbate, Sodium Benzoate, Citronellol, Hexyl Cinnamal, Linalool",PH
"Aqua, Hydroxyethylcellulose, PEG-7 Glyceryl Cocoate, PEG-12 Dimethicone, Isoamyl Laurate, Ocimum Basilicum Leaf Extract, Fragaria Ananassa Fruit Extract, Rubus Idaeus Fruit Extract, Rubus Fruticosus Fruit Extract, Amodimethicone/Silsesquioxane Copolymer, Babassu Oil Glycereth-8 Esters, Cetrimonium Chloride, Polyquaternium-37, Glycerin, Phenoxyethanol, Caprylyl Glycol, Parfum, Polysorbate 20, Isopropyl Alcohol, Citric Acid, Trideceth-5, Tetrasodium EDTA, Potassium Sorbate, Sodium Benzoate",H
"Aqua, Cetearyl Alcohol, Coco-Caprylate/Caprate, Shea Butter Ethyl Esters, Palmitamidopropyltrimonium Chloride, Cetyl Esthers, Mangifera Indica Fruit Extract, Carum Petroselinum Extract, Glycerin, Phenoxyethanol, Caprylyl Glycol, Parfum, Citric Acid, Potassium Sorbate, Sodium Benzoate",E
"Aqua, Cetearyl Alcohol Behentrimonium Methosulfate, Aloe Barbadensis Leaf Juice, Theobroma Cacao Seed Butter, Glycerin, Prunus Amygdalus Dulcis Oil, Cetearyl Alcohol, Coco Glucoside Glyceryl Oleate, Helianthus Annuus Seed Oil, Silybum Marianum Ethyl Ester, Camellia Kissi Seed Oil, Panthenol, Saccharide Isomerate Aqua Citric Acid, Sodium Citrate, Hydrolyzed Corn Protein, Hydrolyzed Wheat Protein, Hydrolyzed Soy Protein, Peuconostoc/Radish Root Ferment Filtrate, Inulin, Tocopherol, Citrus Nobilis (Mandarin) Peel Oil, Rubus Idaeus Seed Oil, Aqua, Sodium Lactate, Sodium PCA, Glycine, Fructose, Urea, Niacinamide, Inositol, Sodium Benzoate, Lactic Acid, Benzyl AlcohoL, Salicylic Acid, Glycerin, Sorbic Acid, Parfum, Aloe Vera Leaf Powder Extract, Limonene, Linalool, Citral, Citronellol, Geraniol",PH
"Aqua, Cetearyl Alcohol, Behentrimonium Methosulfate, Aloe Barbadensis Leaf Juice, Glycerin, Helianthus Annuus Seed Oil, Butyrospermum Parkii Butter, Coco Glucoside Glyceryl Oleate, Cetearyl Alcohol,  Isoamyl Laurate Isoamyl Cocoate, Silybum Marianum Ethyl Ester, Citrus Nobilis, Peel Oil, Lactobacillus/Arundinaria Gigantea Ferment Filtrate,  Saccharide Isomerate, Aqua, Citric Acid Sodium Citrate, Inulin, Aqua, Sodium Lactate, Sodium PCA, Glycine, Fructose, Urea,Niacinamide, Inositol, Sodium Benzoate, Lactic Acid, Tocopherol, Benzyl Alcohol, Salicylic Acid, Glycerin, Sorbic Acid, Parfum, Dipotassium Glycyrrhizinate, Aloe Vera Leaf Powder Extract, Limonene, Linalool, Citral, Citronellol, Geraniol",H
"Aqua, Behentrimonium Methosulfate, Cetearyl Alcohol, Glycerin, Stearamidopropyl Dimethylamine, Rubus Fruticosus Seed Oil, Oenothera Biennis Seed Oil, Prunus Amygdalus Dulcis Oil, Rosmarinus Oficinalis Leaf Extract, Chamomilla Recutita Flower Extract, Arnica Montana Flower Extract, Lamium Album Extract, Salvia Officinalis Leaf Extract, Pinus Sylvestris Bud Extract, Nasturtium Officinale Extract, Arctium Majus Root Extract, Citrus Limon Fruit Extract, Hedera Helix Leaf Extract, Calendula Officinalis Flower Extract, Tropaeolum Majus Flower Extract, Sodium Benzoate, Potassium Sorbate, Allantoin, Panthenol, Citric Acid, Hydroxyacetophenone, Dehydroacetic Acid, Benzyl Alcohol, Parfum",H
"Aqua, Behentrimonium Methosulfate, Cetearyl Alcohol, Glycerin, Prunus Amygdalus Dulcis Oil, Stearamidopropyl Dimethylamine, Lactobionic Acid, Allantoin, Glycyrrhiza Glabra Root Extract, Linum Usitatissimum Seed Oil, Oenothera Biennis Seed Oil, Achillea Millefolium Extract, Propylene Glycol, Panthenol, Rosmarinus Officinalis Leaf Extract, Mel Extract, Chamomilla Recutita Flower Extract, Arnica Montana Flower Extract, Lamium Album Extract, Salvia Officinalis Leaf Extract, Pinus Sylvestris Bud Extract, Nasturtium Officinale Extract, Arctium Majus Root Extract, Citrus Limon Peel Extract, Hedera Helix Leaf Extract, Calendula Officinalis Flower Extract, Tropaeolum Majus Flower Extract, Inulin, Alpha-Glucan Oligosaccharide, Sodium Benzoate, Potassium Sorbate, Citric Acid, Hydroxyacetophenone, Dehydroacetic Acid, Benzyl Alcohol, Parfum",H
"Thymus Vulgaris Leaf Water, Citrus Medica Limonum Fruit Water, Cetearyl Alcohol, Glycerin, Aqua/Water, Behenamidopropyl Dimethylamine, Copaifera Officinalis Resin, Carapa Guaianensis Seed Oil, Euterpe Oleracea Fruit Oil, Bertholletia Excelsa Seed Oil, Olea Europaea Fruit Oil, Macadamia Ternifolia Seed Oil, Prunus Amygdalus Dulcis Oil, Citric Acid, Tocopherol, Sodium Benzoate, Potassium Sorbate, Benzyl Alcohol, Dehydroacetic Acid, Parfum/Fragrance, Limonene",H
"Chamomilla Recutita Flower Water, Lavandula Angustifolia Flower Water, Cetearyl Alcohol, Prunus Amygdalus Dulcis Oil, Behenamidopropyl Dimethylamine, Glycerin, Aqua/Water, Tocopherol, Helianthus Annuus Seed Extract, Decyl Glucoside, Bixa Orellana Seed Oil, Glycine Soja Oil, Pentaclethra Macroloba Seed Oil, Olea Europaea Fruit Oil, Macadamia Ternifolia Seed Oil, Citric Acid, Sodium Benzoate, Potassium Sorbate, Benzyl Alcohol, Dehydroacetic Acid, Parfum/Fragrance, Limonene",H
"Aqua, Collagen, Coco Caprylate/Caprate, Lactic Acid, Avocado Oil Aminopropanediol Esters, Grapeseed Oil Aminopropanediol Esters, Raspberry Seed Oil/Tocopherol Succinate Aminopropanediol Esters, Sodium Hyaluronate, Phenoxyethanol, Benzoic Acid, Hydroacetic Acid, Citronellol, Geraniol, Hexyl Cinnamal, Hydroxycitronellal, Parfum",PH
"Aqua, Polyglyceryl 4 Caprate, Propanediol, Panthenol, Hydrolyzed Oats, Hydrolyzed Wheat Protein, Vaccinium Macrocarpon Seed Oil, Prunus Amygdalus Dulcis Oil, Rubus Idaeus Seed Oil, Isoamyl Laurate, Isoamyl Cocoate, Lactic Acid, Cyamopsis Tetragonoloba Gum, Saccharide Isomerate, Citric Acid, Sodium Citrate, Benzyl Alcohol, Dehydroacetic Acid, Parfum",PH
"Aqua, Cetearyl Alcohol, Behenamidopropyl Dimethylamine, Ricinus Communis Seed Oil, Polyglyceryl-3 Betainate Acetate, Brassica Alcohol, Trichilia Emetica Seed Butter, Brassicyl Valinate Esylate, Ceramide NG, Ganoderma Lucidum (Mushroom) Extract, Olea Europaea Fruit Oil, Sodium Levulinate, Bambusa Arundinacea Leaf Extract, Trametes Versicolor Extract, Hydrolyzed Corn Protein, Hydrolyzed Soy Protein, Hydrolyzed Wheat Protein, Levulinic Acid, Glycerin, Leuconostoc/Radish Root Ferment Filtrate, Gluconolactone, Maltodextrin, Hydroxypropyl Guar Hydroxypropyltrimonium Chloride, Lactic Acid, Parfum, Citric Acid, Sodium Hydroxide, Sodium Benzoate, Potassium Sorbate",PH
"Aqua,  Cetearyl Alcohol, Behentrimonium Chloride, Glycerin, Wheat Amino Acids, Citrus Aurantifolia Fruit Extract, Persea Gratissima Fruit Extract, Ficus Carica Fruit Extract, Trigonella Foenum Graecum Seed Extract, Polyglyceryl-3 PCA, Dicaprylyl Ether, Lauryl Alcohol, Parfum, Lactic Acid, Avena Sativa Kernel Extract, Dehydroacetic Acid, Benzyl Alcohol, Tetrasodium Glutamate Diacetate, Xanthan Gum, Citric Acid, Sodium Benzoate, Potassium Sorbate, Hexyl cinnamal, Linalool",P
"Aqua, Cetearyl Alcohol, Behentrimonium Chloride, PPG-3 Benzyl Ether Myristate, Hydrolyzed Pea Protein, Keratin, Hydrolyzed Keratin, Collagen, Hydrolyzed Elastin, Cetrimonium Chloride, Starch Hydroxypropyltrimonium Chloride, Phenoxyethanol, Benzoic Acid, Dehydroacetic Acid, Parfum, Benzyl Salicylate, Coumarin, Limonene, Geraniol, Linalool, Hexyl Cinnamal",P
"Aqua, Myristyl Alcohol, Behenamidopropyl Dimethylamine, Caprylic/capric Triglyceride, Cetyl Alcohol, Oryza Sativa Bran oil, Argania Spinosa Kernel Oil, Malva sylvestris extract, Althaea Officinalis Root Extract, Hydrolyzed Rice Protein, Lactic Acid, Benzyl Alcohol, Parfum, Sodium Benzoate, Sodium Dehydroacetate, gliceryna, Hexyl Cinnamal, Coumarin, Linalool",P
"Aqua, Cetearyl Alcohol, Phenyl Trimethicone, Glycerin, Behentrimonium Chloride, Propylene Glycol, Equisetum Arvense Herb Extract, Butylene Glycol, Pyrus Malus Juice, Prunus Persica Juice, Triticum Vulgare Seed Extract, Hordeum Vulgare Extract, Panax Ginseng Root Extract, Polyquaternium-59, Butylene Glycol, Niacinamide, Wheat Amino Acids, Soy Amino Acids, Arginine HCl, Serine, Threonine, Hydroxypropyl Guar Hydroxypropyltrimonium Chloride, Lactic Acid, Hydroxyethylcellulose, Phenoxyethanol, Ethylhexylglycerin, 2-Bromo-2-Nitropropane-1,3-Diol, Isopropyl Alcohol, Parfum",PH
"Glycerin, Water, Cyclopentasiloxane, Dimethicone, Cetearyl Alcohol, Dicaprylyl Carbonate, Propylene Glycol, Steartrimonium Chloride, Behentrimonium Chloride, Butyrospermum Parkii Butter, Glycine Soja Seed Extract, Citrus Aurantium Dulcis Peel Oil, Avena Sativa Kernel Protein, Aloe Barbadensis Leaf Juice, Hydroxyethylcellulose, Quaternium-80, Cetyl Esters, Dipropylene Glycol, 1,2-Hexanediol, Butylene Glycol, Octanediol, Tocopherol, Ethylhexylglycerin, Citric Acid, Stearyl Alcohol, Sodium Benzoate, Potassium Sorbate, Fragrance, Limonene, Linalool, Citronellol, Benzyl Benzoate, Geraniol, Benzyl Salicylate",PH
"Aqua, Cetearyl Alcohol, Caprylic/Capric Triglyceride, Coco-Caprylate, Brassicamidopropyl Dimethylamine, Propanediol, Myristyl Myristate, Parfum, Theobroma Cacao Seed Butter, Papaver Somniferum Seed Oil, Prunus Armeniaca Kernel Oil, Shorea Stenoptera Seed Butter, Helianthus Annuus Seed Oil, Betaine, Pisum Sativum Peptide, Panthenol, Citrus Aurantium Amara Flower Extract, Lycium Barbarum Fruit Extract, Serine, Alanine, Glycine, Porphyra Umbilicalis Extract, Leuconostoc/Radish Root Ferment Filtrate, Arginine, Phyllanthus Emblica Fruit Extract, Proline, Glycerin, PCA, Lysine HCl, Threonine, Tocopherol, Glucose, Pantolactone, Sodium PCA, Sorbic Acid, Ascorbic Acid, Glutamic Acid, Citric Acid, Sodium Lactate, Caesalpinia Spinosa Gum, Cetearyl Glucoside, Cetrimonium Chloride, Lactic Acid, Sodium Benzoate, Hydroxyethylcellulose, Sodium Phytate, Disodium Phosphate, Sodium Phosphate, Potassium Sorbate",PH
"Aqua, Cocos Nucifera Oil, Glyceryl Stearate, Glycerin, Stearyl Alcohol, Cetyl Alcohol, Behentrimonium Chloride, Butyrospermum Parkii Butter, Cocos Nucifera Fruit Juice, Aloe Barbadensis Leaf Juice, Panthenol, Daucus Carota Sativa Seed Oil, Sodium Lauroyl Hydrolyzed Silk, Algae Extract, Melia Azadirachta Seed Oil, Salvia Officinalis Leaf Extract, Equisetum Arvense Extract, Hibiscus Rosa-Sinensis Flower Extract, Hydroxyethylcellulose, Tocopherol, Sodium Benzoate, Glyceryl Caprylate, Glyceryl Undecylenate, Fragrance",P
"Aqua, Cetearyl Alcohol, Cetyl Alcohol, Behentrimonium Chloride, Hydrolyzed Wheat Protein, Wheat Amino Acids, Soy Amino Acids, Quaternium-98, Macadamia Ternifolia Seed Oil, Cetrimonium Chloride, Glycine Soybean Oil, Butyrospermum Parkii Butter, Babassu Oil Glycereth-8 Esters, Paullinia Cupana Fruit Extract, Glycine Soja Germ Extract, Triticum Vulgare Germ Extract, Scutellaria Baicalensis Root Extract, Caffeine, Glycerin, Propanediol, Arginine HCl, Serine, Threonine, Cellulose, Tocopheryl Acetate, Arginine, Lactic Acid, Sodium Acetate, Hydroxyethylcellulose, Parfum, Isopropyl Alcohol, Calcium Gluconate, Gluconolactone, Benzyl Alcohol, Dehydroacetic Acid, Potassium Sorbate, Sodium Benzoate",P
"Aqua, Cetearyl Alcohol, Behentrimonium Chloride, PPG-3 Benzyl Ether Myristate, Hydrolyzed Pea Protein, Hydrolyzed Vegetable Protein PG-Propyl Silanetriol, Hydroxypropyltrimonium Hydrolyzed Wheat Protein, Camellia Chinensis Extract, Cetrimonium Chloride, Starch Hydroxypropyltrimonium Chloride, Phenoxyethanol, Benzoic Acid, Dehydroacetic Acid, Parfum, Limonene",P